dataset_id,endothelial cell,oligodendrocyte,microglial cell,pericyte,astrocyte,glutamatergic neuron,oligodendrocyte precursor cell,macrophage,native cell,fibroblast,neutrophil,B cell,natural killer cell,T cell,erythrocyte,neuron,plasmacytoid dendritic cell,ependymal cell,plasma cell,GABAergic neuron,epithelial cell,dendritic cell,mesenchymal cell,endothelial cell of lymphatic vessel,non-classical monocyte,pancreatic stellate cell,regulatory T cell,pancreatic ductal cell,type B pancreatic cell,stromal cell,smooth muscle cell,pancreatic A cell,pancreatic D cell,pancreatic PP cell,pancreatic acinar cell,monocyte,intermediate monocyte,kidney collecting duct principal cell,kidney collecting duct epithelial cell,lymphocyte,mature NK T cell,leukocyte,mesangial cell,mesenchymal stem cell,hematopoietic cell,epithelial cell of proximal tubule,club cell,classical monocyte,type II pneumocyte,vein endothelial cell,"CD4-positive, alpha-beta T cell","CD8-positive, alpha-beta T cell",myeloid cell,mural cell,bladder urothelial cell,bladder cell,basophil,basal epithelial cell of tracheobronchial tree,basal cell of epidermis,mesenchymal stem cell of adipose tissue,meis2 expressing cortical GABAergic cell,megakaryocyte-erythroid progenitor cell,medium spiny neuron,mast cell,lung neuroendocrine cell,hippocampal neuron,luminal epithelial cell of mammary gland,late pro-B cell,large intestine goblet cell,Bergmann glial cell,kidney loop of Henle ascending limb epithelial cell,kidney distal convoluted tubule epithelial cell,bronchial smooth muscle cell,keratinocyte stem cell,keratinocyte,intestinal crypt stem cell,interneuron,inhibitory interneuron,immature B cell,hypendymal cell,lung macrophage,vip GABAergic cortical interneuron,vascular leptomeningeal cell (Mmus),vascular leptomeningeal cell,thymocyte,supporting cell,L5/6 near-projecting glutamatergic neuron of the primary motor cortex,L5 extratelencephalic projecting glutamatergic cortical neuron,smooth muscle cell of trachea,smooth muscle cell of the pulmonary artery,skeletal muscle satellite cell,skeletal muscle fiber,pyramidal neuron,pvalb GABAergic cortical interneuron,pulmonary interstitial fibroblast,myeloid dendritic cell,professional antigen presenting cell,proerythroblast,precursor B cell,Sertoli cell,Schwann cell,Leydig cell,L6b glutamatergic cortical neuron,L6 intratelencephalic projecting glutamatergic neuron of the primary motor cortex,L6 corticothalamic-projecting glutamatergic cortical neuron,basal cell,adventitial cell,neural cell,naive B cell,myeloid leukocyte,promonocyte,DN4 thymocyte,Kupffer cell,L2/3 intratelencephalic projecting glutamatergic neuron of the primary motor cortex,L2/3-6 intratelencephalic projecting glutamatergic cortical neuron,enterocyte of epithelium of large intestine,chondrocyte,ciliated columnar cell of tracheobronchial tree,type I pneumocyte,sst chodl GABAergic cortical interneuron,corticothalamic-projecting glutamatergic cortical neuron,endothelial cell of hepatic sinusoid,epithelial cell of large intestine,endothelial cell of coronary artery,germ cell,fibroblast of lung,endocardial cell,fibroblast of cardiac tissue,fenestrated cell,cortical interneuron,lamp5 GABAergic cortical interneuron,Cajal-Retzius cell,hematopoietic stem cell,epidermal cell,cell,granulocytopoietic cell,central nervous system macrophage,granulocyte,hepatocyte,L4/5 intratelencephalic projecting glutamatergic neuron of the primary motor cortex,sncg GABAergic cortical interneuron,sst GABAergic cortical interneuron,pancreatic endocrine cell,pituitary gland cell,"effector CD8-positive, alpha-beta T cell",neural stem cell,Purkinje cell,aortic smooth muscle cell,endothelial cell of artery,astrocyte of the cerebellum,neuroepithelial stem cell,enteroendocrine cell,aortic endothelial cell,alveolar macrophage,endothelial stalk cell,oocyte,ovarian surface epithelial cell,oogonial cell,Langerhans cell,CD1c-positive myeloid dendritic cell,vascular associated smooth muscle cell,vasa recta descending limb cell,urethra urothelial cell,DN3 thymocyte,conventional dendritic cell,tissue-resident macrophage,tanycyte,stem cell of epidermis,smooth muscle cell of prostate,seminal vesicle glandular cell,secretory cell,neuroendocrine cell,renal beta-intercalated cell,renal alpha-intercalated cell,regular ventricular cardiac myocyte,regular atrial cardiac myocyte,prostate gland microvascular endothelial cell,double negative thymocyte,progenitor cell,duct epithelial cell,early pro-B cell,primordial germ cell,"effector CD4-positive, alpha-beta T cell",podocyte,plasmatocyte,respiratory basal cell,kidney loop of Henle thick ascending limb epithelial cell,kidney loop of Henle medullary thick ascending limb epithelial cell,kidney loop of Henle epithelial cell,kidney loop of Henle cortical thick ascending limb epithelial cell,glioblast,kidney interstitial fibroblast,kidney glomerular epithelial cell,kidney efferent arteriole endothelial cell,glomerular endothelial cell,kidney cortex tubule cell,kidney cortex artery cell,kidney connecting tubule epithelial cell,kidney cell,kidney capillary endothelial cell,CD141-positive myeloid dendritic cell,cardiac valve cell,cardiac neuron,cardiac muscle cell,capillary endothelial cell,brush cell of epithelium proper of large intestine,brush cell,brain pericyte,granulocyte monocyte progenitor cell,granulosa cell,interstitial cell of ovary,hematopoietic precursor cell,innate lymphoid cell,immature T cell,immature NK T cell,hepatic stellate cell,kidney afferent arteriole endothelial cell,neural progenitor cell,enucleate erythrocyte,naive T cell,eosinophil,cell of skeletal muscle,mucus secreting cell,blood vessel endothelial cell,blood cell,cerebellar Golgi cell,cerebellar granule cell,ciliated cell of the bronchus,basal cell of prostate epithelium,mesothelial cell of visceral pleura,mesothelial cell,kidney loop of Henle thin ascending limb epithelial cell,erythroblast,"erythroid progenitor cell, mammalian",mature alpha-beta T cell,female germ cell,male germ cell,macula densa epithelial cell,macrophage dendritic cell progenitor,lymphoid lineage restricted progenitor cell,fibroblast of connective tissue of prostate,luminal cell of prostate epithelium,leptomeningeal cell,fibrocyte,kidney proximal straight tubule epithelial cell,kidney proximal convoluted tubule epithelial cell,kidney loop of Henle thin descending limb epithelial cell,epithelial cell of thymus,split
48b37086-25f7-4ecd-be66-f5bb378e3aea,9894,0,0,61,0,0,0,7184,0,1813,552,30720,2485,11416,356,0,116,0,1621,0,338,45,879,41,1010,21,123,338,2674,2783,1601,310,272,157,2141,2393,1749,789,25,1591,2962,1500,261,14713,0,3053,15,7922,125,320,551,870,1871,0,5231,3003,254,521,11431,1893,0,2712,0,76,4,0,1903,532,158,0,201,744,2339,418,11142,339,0,0,826,0,1157,0,0,0,1892,0,0,0,127,98,2055,0,0,0,222,245,2482,4570,915,0,274,0,0,0,0,1587,526,0,398,307,2827,2000,2546,0,0,1125,1630,57,0,0,0,675,229,3293,0,1523,678,2409,1027,0,0,0,36,1735,0,7599,0,12596,2929,0,0,0,0,0,0,0,0,0,0,0,0,0,0,1366,0,0,0,0,175,0,0,0,0,146,0,0,0,171,0,0,0,48,0,0,0,0,0,971,0,2,0,0,0,0,496,0,1554,0,0,0,0,0,0,0,0,0,381,0,3,161,0,0,81,334,0,0,414,0,0,0,0,2144,0,1784,84,39,0,0,0,1568,0,192,0,0,88,0,0,0,0,0,0,0,2918,409,0,0,0,0,148,0,0,0,0,0,95,4460,0,0,train
98e5ea9f-16d6-47ec-a529-686e76515e39,4928,2094,13268,38,592,0,312,2447,0,1330,153,5629,877,1329,0,484,6,55,25,0,426,62,0,99,149,48,47,313,1342,340,103,521,191,71,576,1281,12,157,445,10,199,158,93,1429,0,393,22,202,167,152,1170,1070,2556,0,1420,1012,71,404,4214,4733,0,80,103,0,4,0,768,411,1587,54,146,0,2117,2639,1215,1579,240,0,589,0,9,0,0,0,1625,0,0,0,125,111,2725,0,0,0,50,373,130,107,856,0,0,0,0,0,0,2139,289,0,2959,209,1015,1756,262,0,0,2542,275,70,4,0,0,617,1704,2694,0,483,375,3926,268,0,0,0,3306,492,0,483,0,2966,1162,0,0,0,0,0,0,97,0,0,0,0,151,161,467,0,0,0,0,0,0,0,0,0,0,0,0,0,0,0,0,0,563,0,0,0,147,403,0,0,0,0,72,0,0,0,0,34,0,0,0,0,0,16,0,0,0,0,0,0,0,0,0,315,0,0,0,175,0,484,250,0,0,0,0,0,0,0,0,0,0,0,0,0,73,0,0,0,0,0,0,0,0,0,0,0,330,0,0,0,0,13,0,0,0,44,0,0,0,165,train
42bb7f78-cef8-4b0d-9bba-50037d64d8c1,11702,0,0,154,0,0,0,1294,3649,1070,68,175,201,1721,0,0,0,0,0,0,0,537,0,0,0,0,0,0,0,0,0,0,0,0,0,0,0,4975,59,0,0,0,316,0,0,72832,0,0,0,0,0,0,0,0,0,0,0,0,0,0,0,0,0,0,0,0,0,0,0,0,0,16381,0,0,0,0,0,0,0,0,0,0,0,0,0,0,0,0,0,0,0,0,0,0,0,0,0,0,0,0,0,0,0,0,0,0,0,0,0,0,0,0,0,0,0,0,0,0,0,0,0,0,0,0,0,0,0,0,0,0,0,0,0,0,0,0,0,0,0,0,0,0,0,0,0,0,0,0,0,0,0,0,0,0,0,0,0,0,0,0,0,167,0,0,0,0,0,0,0,0,0,0,2447,1488,0,0,0,0,0,0,0,0,0,558,0,0,0,3840,3484,3600,0,0,117,242,3547,810,0,3903,0,0,0,0,0,0,0,0,0,0,0,0,0,0,0,0,0,0,36,0,0,0,0,0,0,0,0,0,0,0,0,0,0,1610,0,0,0,0,0,46,0,0,0,0,0,0,0,0,372,0,train
812fa7bd-db15-4357-b2c9-efc8e1eb0450,193,229,0,121,963,471,0,0,0,0,0,0,0,0,0,0,0,0,0,0,0,0,0,0,0,0,0,0,0,0,0,0,0,0,0,0,0,0,0,0,0,0,0,0,0,0,0,0,0,0,0,0,0,0,0,0,0,0,0,0,130,0,0,0,0,2815,0,0,0,0,0,0,0,0,0,0,0,0,0,0,0,5735,116,0,0,0,2424,2139,0,0,0,0,1960,3581,0,0,0,0,0,0,0,0,2348,4394,5343,0,0,0,0,0,0,0,0,593,7690,0,0,0,0,265,1187,0,0,0,0,0,0,0,0,158,4430,38,0,0,0,0,177,0,0,12959,1419,5101,0,0,0,0,0,0,0,0,0,0,0,0,0,0,0,0,0,0,0,0,0,0,0,0,0,0,0,0,0,0,0,0,0,0,0,0,0,0,0,0,0,0,0,0,0,0,0,0,0,0,0,0,0,0,0,0,0,0,0,0,0,0,0,0,0,0,0,0,0,0,0,0,0,0,0,0,0,0,0,0,0,0,0,0,0,0,0,0,0,0,0,0,0,0,0,0,0,0,0,0,0,0,0,0,0,0,train
d7291f04-fbbb-4d65-990a-f01fa44e915b,960,8987,0,288,3899,4187,0,0,0,0,0,0,0,0,0,0,0,0,0,0,0,0,0,0,0,0,0,0,0,0,0,0,0,0,0,0,0,0,0,0,0,0,0,0,0,0,0,0,0,0,0,0,0,0,0,0,0,0,0,0,20,0,0,0,0,60951,0,0,0,0,0,0,0,0,0,0,0,0,0,0,0,43684,152,0,0,0,36185,24192,0,0,0,0,20490,30461,0,0,0,0,0,0,0,0,35319,79508,148752,0,0,0,0,0,0,0,0,13362,190759,0,0,0,0,1961,22457,0,0,0,0,0,0,0,0,5769,42144,277,0,0,0,0,955,0,0,334150,13877,45467,0,0,0,0,0,0,0,0,0,0,0,0,0,0,0,0,0,0,0,0,0,0,0,0,0,0,0,0,0,0,0,0,0,0,0,0,0,0,0,0,0,0,0,0,0,0,0,0,0,0,0,0,0,0,0,0,0,0,0,0,0,0,0,0,0,0,0,0,0,0,0,0,0,0,0,0,0,0,0,0,0,0,0,0,0,0,0,0,0,0,0,0,0,0,0,0,0,0,0,0,0,0,0,0,0,0,dev
2a262b59-7936-4ecd-b656-248247a0559f,0,0,0,0,0,0,0,0,0,3070,5,239,199,89,0,0,26,0,141,0,0,72,0,0,77,0,9,0,0,0,0,0,0,0,0,0,91,0,0,58,66,0,0,0,0,0,0,92,0,0,0,0,0,0,0,0,0,0,0,0,0,0,0,0,0,0,0,0,0,0,0,0,0,0,0,0,0,0,0,0,0,0,0,0,0,0,0,0,0,0,0,0,0,0,0,0,0,0,0,0,0,0,0,0,0,0,0,0,0,0,0,0,0,0,0,0,0,0,0,0,0,0,0,0,0,0,0,0,0,0,0,0,0,0,0,0,0,0,0,0,0,0,0,0,129,0,0,0,0,0,0,0,0,0,0,0,0,0,0,153,0,0,8802,0,0,2223,0,0,559,3955,0,0,0,0,0,0,2182,0,0,0,0,0,58,0,0,0,0,0,0,0,0,0,0,0,0,0,0,0,0,0,683,0,0,0,0,0,0,0,0,0,0,0,0,0,0,0,0,0,0,0,0,0,0,0,0,0,0,0,14213,0,0,0,0,0,0,0,0,0,0,0,1988,23236,0,0,0,0,0,0,train
047d57f2-4d14-45de-aa98-336c6f583750,0,0,0,0,0,0,0,0,4183,0,0,0,0,0,0,0,0,0,0,0,0,0,2088,583,0,0,0,0,0,0,0,0,0,0,0,0,0,0,0,0,0,0,0,16928,1241,0,933,0,3611,1281,0,0,0,0,0,0,0,0,0,0,0,0,0,0,0,0,0,0,0,0,0,0,0,0,0,0,0,0,0,0,0,0,0,0,0,0,0,0,0,0,0,0,0,0,0,0,0,0,0,0,0,0,0,0,0,0,0,0,0,0,0,0,0,0,0,0,0,0,3427,0,0,0,0,0,0,0,0,0,0,0,0,0,0,0,0,0,0,0,0,0,0,0,0,0,0,0,0,4631,6538,0,0,0,0,0,0,0,0,0,0,0,1196,0,0,0,0,0,0,0,0,0,0,0,0,0,0,0,0,0,4351,0,0,0,0,0,0,0,0,0,0,0,0,0,0,0,0,0,0,0,0,0,0,0,0,0,15099,0,0,0,0,0,0,0,0,0,0,0,0,0,928,0,0,0,0,0,0,0,0,77,0,699,0,0,0,0,0,0,0,0,0,0,0,0,0,0,0,0,0,0,train
e0ed3c55-aff6-4bb7-b6ff-98a2d90b890c,2271,13363,1296,0,0,1613,2121,280,0,5333,0,0,0,0,0,0,0,834,0,0,0,0,0,0,0,0,0,0,0,0,0,0,0,0,0,0,0,0,0,0,0,0,0,0,0,0,0,0,0,0,0,0,0,0,0,0,0,0,0,0,0,0,0,0,0,0,0,0,0,17498,0,0,0,0,0,0,13051,32716,0,0,0,0,0,0,0,0,0,0,0,0,0,0,0,0,0,0,0,0,0,0,0,0,0,0,0,0,0,0,0,0,0,0,0,0,0,0,0,0,0,0,0,0,0,0,0,0,0,0,0,0,0,0,0,0,0,0,0,0,0,0,0,0,0,0,0,0,16634,0,0,16717,0,0,0,0,6142,0,0,0,0,0,0,0,0,0,0,0,0,0,0,0,0,0,0,0,0,0,0,0,0,0,0,0,0,0,0,0,0,0,0,0,0,0,0,0,0,0,0,0,0,0,0,0,0,0,0,0,0,0,0,0,0,0,0,0,0,0,0,0,0,0,0,0,0,0,0,3989,477176,0,0,0,0,0,0,0,0,0,0,0,0,0,0,0,0,0,0,0,0,0,train
58b01044-c5e5-4b0f-8a2d-6ebf951e01ff,8586,0,0,0,0,0,0,9793,0,0,36514,23362,2112,0,0,155,1091,0,732,0,0,0,0,0,0,0,0,0,0,20239,0,0,0,0,0,11788,0,0,0,0,0,0,0,0,0,0,0,0,0,0,3418,6074,0,0,0,0,0,0,0,0,0,0,0,566,0,0,0,0,0,0,0,0,0,0,0,0,0,0,0,0,0,0,0,0,0,0,0,0,0,0,0,0,0,0,0,0,0,0,0,0,0,0,0,0,0,0,0,0,0,0,0,0,0,0,0,0,0,0,0,0,0,0,0,0,0,0,0,0,0,0,0,0,0,0,0,0,0,0,0,0,0,0,0,0,0,0,0,0,0,0,0,0,0,0,0,0,0,0,0,0,0,0,0,0,2590,0,0,0,0,0,0,0,0,0,0,0,0,0,0,0,0,0,0,0,0,0,0,0,0,0,0,0,0,0,0,0,0,0,0,0,0,0,0,0,0,0,0,0,0,0,0,0,3402,0,0,0,0,0,0,0,486,0,0,0,0,0,0,0,0,0,0,0,0,0,0,0,0,0,0,0,0,0,0,0,0,0,0,0,train
12967895-3d58-4e93-be2c-4e1bcf4388d5,1371,0,0,0,0,0,0,0,0,0,0,0,0,0,911,0,0,0,0,0,5322,0,14074,0,0,0,0,0,0,0,0,0,0,0,0,0,0,0,0,0,0,0,0,0,979,0,0,0,0,0,0,0,0,336,0,0,0,0,0,0,0,0,0,0,0,0,0,0,0,0,0,0,0,0,0,0,0,0,0,0,0,0,0,0,0,4564,0,0,0,0,0,834,0,0,0,0,0,0,0,2,0,1,0,0,0,0,0,671,0,0,0,0,0,0,0,0,0,0,0,0,0,0,0,0,5373,0,0,0,0,0,0,0,0,0,0,0,0,0,0,0,0,0,0,0,0,0,0,0,0,0,0,0,0,0,0,0,1031,0,0,0,0,0,0,0,0,0,0,0,0,0,0,0,0,0,0,0,0,0,0,0,0,0,0,0,0,0,0,0,0,0,0,0,0,0,0,0,0,0,0,0,0,0,0,0,0,0,0,0,0,19276,7531,0,0,0,0,0,0,0,0,0,0,0,0,0,0,0,0,0,0,0,7433,0,0,0,0,0,0,0,0,0,0,0,0,0,0,0,0,0,train
dbb4e1ed-d820-4e83-981f-88ef7eb55a35,10250,47348,14008,0,50677,0,19151,0,0,1276,0,0,0,0,41,188250,0,4414,0,0,0,0,0,0,0,0,0,0,0,0,0,0,0,0,0,0,0,0,0,0,0,0,0,0,0,0,0,0,0,0,0,0,0,3752,0,0,0,0,0,0,0,0,0,0,0,0,0,0,0,0,0,0,0,0,0,0,0,0,0,52,0,0,0,0,0,0,0,0,0,0,0,0,0,0,0,0,0,0,0,0,0,0,0,0,0,0,0,0,0,0,0,0,0,0,0,0,0,0,0,0,0,0,0,0,0,0,0,0,0,0,0,0,0,0,0,0,0,0,0,0,0,0,0,652,0,0,0,0,0,0,0,0,0,0,0,0,0,0,0,0,0,0,0,0,0,0,9109,0,0,0,0,0,0,0,0,0,0,0,0,0,0,0,0,0,0,0,0,0,0,0,0,0,0,0,0,0,0,0,0,0,0,0,0,0,0,0,0,0,0,0,0,0,0,0,0,0,0,0,0,0,0,0,0,0,0,0,0,0,0,0,0,0,0,0,0,0,0,0,0,0,0,0,0,0,0,0,0,0,train
49e4ffcc-5444-406d-bdee-577127404ba8,13469,0,0,0,0,0,0,0,36925,0,0,0,0,0,0,0,0,0,0,0,0,0,0,0,0,23302,0,8742,102143,0,0,40935,24775,6999,480,0,0,0,0,0,0,0,0,0,31703,0,0,0,0,0,0,0,0,0,0,0,0,0,0,0,0,0,0,0,0,0,0,0,0,0,0,0,0,0,0,0,0,0,0,0,0,0,0,0,0,0,0,0,0,0,0,0,0,0,0,0,0,0,0,0,617,0,0,0,0,0,0,0,0,0,0,0,0,0,0,0,0,0,0,0,0,0,0,0,0,0,0,0,0,0,0,0,0,0,853,0,0,0,0,0,0,0,10853,0,0,0,0,0,0,0,0,0,0,0,0,0,0,0,0,0,0,0,0,0,0,0,0,0,0,0,0,0,0,0,0,0,0,0,0,0,0,0,0,0,0,0,0,0,0,0,0,0,0,0,0,0,0,0,0,0,0,0,0,0,0,0,0,0,0,0,0,0,0,0,0,0,0,0,0,0,0,0,0,0,0,0,0,0,0,0,0,0,0,0,0,0,0,0,0,0,0,0,0,0,0,0,0,0,train
3bbb6cf9-72b9-41be-b568-656de6eb18b5,401,18254,3341,281,6771,0,3291,169,0,0,0,0,0,107,0,30517,0,0,0,0,0,0,0,0,0,0,0,0,0,0,0,0,0,0,0,0,0,0,0,0,0,0,0,0,0,0,0,0,0,0,0,0,0,0,0,0,0,0,0,0,0,0,9847,0,0,0,0,0,0,0,0,0,0,0,0,0,0,5999,0,0,0,0,0,350,0,0,0,0,0,0,0,0,0,0,0,0,0,0,0,0,0,0,0,0,0,0,0,0,0,0,0,0,0,0,0,0,0,0,0,0,0,0,0,0,0,0,0,0,0,0,0,0,0,0,339,0,0,0,0,0,0,0,0,0,0,0,0,0,0,0,0,0,0,0,0,0,0,0,0,0,0,0,0,0,0,0,0,0,0,0,0,0,0,0,0,0,0,0,0,0,0,0,0,0,0,0,0,0,0,0,0,0,0,0,0,0,0,0,0,0,0,0,0,0,0,0,0,0,0,0,0,0,0,0,0,0,0,0,0,0,0,0,0,0,0,0,0,0,0,0,0,0,0,0,0,0,0,0,0,0,0,0,0,0,0,0,0,0,train
35081d47-99bf-4507-9541-735428df9a9f,3483,21549,55,1450,18905,282893,5097,8408,114,0,0,0,0,0,0,0,0,0,0,61782,0,0,0,0,0,0,0,0,0,0,47,0,0,0,0,0,0,0,0,0,0,0,0,0,0,0,0,0,0,0,0,0,0,0,0,0,0,0,0,0,0,0,0,0,0,0,0,0,0,0,0,0,0,0,0,0,0,0,0,0,0,0,0,0,0,0,0,0,0,0,0,0,0,0,0,0,0,0,0,0,0,0,0,0,0,0,0,0,0,0,0,0,0,0,0,0,0,0,0,0,0,0,0,0,0,0,0,0,0,0,0,0,0,0,0,0,0,0,0,0,0,0,0,0,0,0,0,0,0,0,0,0,0,0,0,0,0,0,0,0,0,0,0,0,0,0,0,0,0,0,0,0,0,0,0,0,0,0,0,0,0,0,0,0,0,0,0,0,0,0,0,0,0,0,0,0,0,0,0,0,0,0,0,0,0,0,0,0,0,0,0,0,0,0,0,0,0,0,0,0,0,0,0,0,0,0,0,0,0,0,0,0,0,0,0,0,0,0,0,0,0,0,2404,0,0,0,0,0,train
a13bda79-9134-46c9-9ed1-a2858be9aafe,838,0,0,191,0,0,0,0,0,0,0,0,0,0,360,0,0,0,0,0,8829,0,15639,0,0,0,0,0,0,0,0,0,0,0,0,0,0,0,0,0,0,257,0,0,0,0,0,0,0,0,0,0,0,0,0,0,0,0,0,0,0,0,0,0,0,0,0,0,0,0,0,0,0,0,0,0,0,0,0,0,0,0,0,0,0,2363,0,0,0,0,0,620,0,0,0,0,0,0,0,1491,0,166,0,0,0,0,0,1299,0,0,0,0,0,0,0,0,0,0,0,0,0,0,0,0,836,0,0,0,0,0,0,0,0,0,0,0,0,0,0,0,0,0,0,0,0,0,0,0,0,0,0,0,0,0,0,0,0,0,0,0,0,0,0,0,0,0,0,0,0,0,0,0,0,0,0,0,0,0,0,0,0,0,0,0,0,0,0,0,0,0,0,0,0,0,0,0,0,0,0,0,0,0,0,0,0,0,0,0,0,0,0,0,0,0,0,0,0,0,0,0,0,0,0,0,0,0,0,0,0,0,0,0,0,0,0,0,0,0,0,0,0,0,0,0,0,0,0,0,dev
79a2344d-eddd-45b1-b376-39eddfab1899,0,0,1407,0,0,104014,4586,0,0,0,0,0,0,0,3397,4275,0,1915,0,71116,0,0,0,0,0,0,0,0,0,0,0,0,0,0,0,0,0,0,0,0,0,0,0,0,0,0,0,0,0,0,0,0,0,0,0,0,0,0,0,0,0,0,0,0,0,0,0,0,0,0,0,0,0,0,0,0,0,0,0,2337,0,0,0,3638,0,0,0,0,0,0,0,0,0,0,0,0,0,0,0,0,0,0,0,0,0,0,0,0,0,0,0,0,0,0,0,0,0,0,0,0,0,0,0,0,0,0,0,0,0,0,0,0,0,0,0,0,0,0,0,0,0,0,0,0,0,0,0,0,0,0,0,0,0,0,0,0,0,0,0,0,0,0,0,0,0,0,0,0,0,0,0,0,0,0,0,0,0,0,0,0,0,0,0,0,0,0,0,0,0,0,31458,0,0,0,0,0,0,0,0,0,0,0,0,0,0,0,0,0,0,0,0,0,0,0,0,0,0,16277,0,0,0,0,0,4651,0,0,0,0,0,0,0,0,0,0,0,0,0,0,0,0,0,0,0,0,0,0,0,0,train
3a15ab1c-c36c-4842-9a3e-47e6ffd0ba6f,21,42,22,0,50,730,24,0,53,0,0,0,0,0,0,0,0,0,0,737,0,0,0,0,0,0,0,0,0,0,0,0,0,0,0,0,0,0,0,0,0,0,0,0,0,0,0,0,0,0,0,0,0,0,0,0,0,0,0,0,0,0,0,0,0,0,0,0,0,0,0,0,0,0,0,0,0,0,0,0,0,0,0,0,0,0,0,0,0,0,0,0,0,0,0,0,0,0,0,0,0,0,0,0,0,0,0,0,0,0,0,0,0,0,0,0,0,0,0,0,0,0,0,0,0,0,0,0,0,0,0,0,0,0,0,0,0,0,0,0,0,0,0,0,0,0,0,0,0,0,0,0,0,0,0,0,0,0,0,0,0,0,0,0,0,0,0,0,0,0,0,0,0,0,0,0,0,0,0,0,0,0,0,0,0,0,0,0,0,0,0,0,0,0,0,0,0,0,0,0,0,0,0,0,0,0,0,0,0,0,0,0,0,0,0,0,0,0,0,0,0,0,0,0,0,0,0,0,0,0,0,0,0,0,0,0,0,0,0,0,0,0,0,0,0,0,0,0,dev
5695d556-974e-4d92-9e99-5f61b8695313,0,0,0,0,0,0,0,0,0,0,0,0,0,0,0,0,0,0,0,0,0,0,0,0,0,0,0,0,0,0,0,0,0,0,0,0,0,0,0,0,0,0,0,0,0,0,0,0,0,0,0,0,0,0,0,0,0,0,0,0,0,0,0,0,0,0,0,0,0,0,0,0,0,0,0,0,0,0,0,0,0,0,0,0,0,0,0,0,0,0,0,0,0,0,0,0,0,0,0,0,0,0,0,0,0,0,0,0,0,0,0,0,0,0,0,0,0,0,0,0,0,0,0,0,0,0,0,0,0,0,0,0,0,0,0,0,0,0,0,0,0,0,0,0,0,0,0,0,0,0,0,0,0,0,0,13,0,2272,0,0,0,0,0,0,0,0,0,0,0,0,0,0,0,0,0,0,0,0,0,0,0,445,0,0,0,0,0,0,0,0,0,0,0,0,0,0,0,0,0,0,0,0,0,0,0,0,0,0,0,0,0,0,0,0,0,0,0,0,0,0,0,0,0,0,0,0,0,0,0,0,0,0,0,0,0,891,1302,0,0,0,0,0,0,0,0,0,0,0,train
28c696bb-9549-434b-9340-dc745a846f9a,0,0,0,0,0,83,0,0,11,0,0,0,0,0,0,0,0,0,0,1,0,0,0,0,0,0,0,0,0,0,0,0,0,0,0,0,0,0,0,0,0,0,0,0,0,0,0,0,0,0,0,0,0,0,0,0,0,0,0,0,0,0,0,0,0,0,0,0,0,0,0,0,0,0,0,0,0,0,0,0,0,0,0,0,0,0,0,0,0,0,0,0,0,0,0,0,0,0,0,0,0,0,0,0,0,0,0,0,0,0,0,0,0,0,0,0,0,0,0,0,0,0,0,0,0,0,0,0,0,0,0,0,0,0,0,0,0,0,0,0,0,0,0,0,0,0,0,0,0,0,0,0,0,0,0,0,0,0,0,0,0,0,0,0,0,0,0,0,0,0,0,0,0,0,0,0,0,0,0,0,0,0,0,0,0,0,0,0,0,0,0,0,0,0,0,0,0,0,0,0,0,0,0,0,0,0,0,0,0,0,0,0,0,0,0,0,0,0,0,0,0,0,0,0,0,0,0,0,0,0,0,0,0,0,0,0,0,0,0,0,0,0,0,0,0,0,0,0,train
26ae14da-9e5f-4d18-abae-18a5a328feef,0,0,0,0,0,0,0,0,0,0,0,0,0,0,0,0,0,0,0,0,0,0,0,5625,0,0,0,0,0,0,0,0,0,0,0,0,0,0,0,0,0,0,0,0,0,0,0,0,0,0,0,0,0,0,0,0,0,0,0,0,0,0,0,0,0,0,0,0,0,0,0,0,0,0,0,0,0,0,0,0,0,0,0,0,0,0,0,0,0,0,0,0,0,0,0,0,0,0,0,0,0,0,0,0,0,0,0,0,0,0,0,0,0,0,0,0,0,0,0,0,0,0,0,0,0,0,0,0,0,0,0,0,0,0,0,0,0,0,0,0,0,0,0,0,0,0,0,0,0,0,0,0,0,0,0,0,0,0,0,0,0,0,0,0,0,0,0,0,0,0,0,0,0,0,0,0,0,0,0,0,0,0,0,0,0,0,0,0,0,0,0,0,0,0,0,0,0,0,0,0,0,0,0,0,0,0,0,0,0,0,0,0,0,0,0,0,0,0,0,0,0,0,0,0,0,0,0,0,0,0,0,0,0,0,0,0,0,0,0,0,0,0,0,0,0,0,0,0,dev
6347cc90-f284-41d8-a131-db4a37bd796f,0,6051,0,0,0,0,0,0,0,0,0,0,0,0,0,0,0,0,0,0,0,0,0,0,0,0,0,0,0,0,0,0,0,0,0,0,0,0,0,0,0,0,0,0,0,0,0,0,0,0,0,0,0,0,0,0,0,0,0,0,0,0,0,0,0,0,0,0,0,0,0,0,0,0,0,0,0,0,0,0,0,0,0,0,0,0,0,0,0,0,0,0,0,0,0,0,0,0,0,0,0,0,0,0,0,0,0,0,0,0,0,0,0,0,0,0,0,0,0,0,0,0,0,0,0,0,0,0,0,0,0,0,0,0,0,0,0,0,0,0,0,0,0,0,0,0,0,0,0,0,0,0,0,0,0,0,0,0,0,0,0,0,0,0,0,0,0,0,0,0,0,0,0,0,0,0,0,0,0,0,0,0,0,0,0,0,0,0,0,0,0,0,0,0,0,0,0,0,0,0,0,0,0,0,0,0,0,0,0,0,0,0,0,0,0,0,0,0,0,0,0,0,0,0,0,0,0,0,0,0,0,0,0,0,0,0,0,0,0,0,0,0,0,0,0,0,0,0,train
a539c7af-fb65-44b1-8812-000b097eac99,0,0,15601,0,0,0,0,0,0,0,0,0,0,0,0,0,0,0,0,0,0,0,0,0,0,0,0,0,0,0,0,0,0,0,0,0,0,0,0,0,0,0,0,0,0,0,0,0,0,0,0,0,0,0,0,0,0,0,0,0,0,0,0,0,0,0,0,0,0,0,0,0,0,0,0,0,0,0,0,0,0,0,0,0,0,0,0,0,0,0,0,0,0,0,0,0,0,0,0,0,0,0,0,0,0,0,0,0,0,0,0,0,0,0,0,0,0,0,0,0,0,0,0,0,0,0,0,0,0,0,0,0,0,0,0,0,0,0,0,0,0,0,0,0,0,0,0,0,0,0,0,0,0,0,0,0,0,0,0,0,0,0,0,0,0,0,0,0,0,0,0,0,0,0,0,0,0,0,0,0,0,0,0,0,0,0,0,0,0,0,0,0,0,0,0,0,0,0,0,0,0,0,0,0,0,0,0,0,0,0,0,0,0,0,0,0,0,0,0,0,0,0,0,0,0,0,0,0,0,0,0,0,0,0,0,0,0,0,0,0,0,0,0,0,0,0,0,0,train
